{"last_tab":"","layout_set":"2","xamin_layout_image":{"url":"","id":"","height":"","width":"","thumbnail":""},"xamin_layout_color":"#ffffff","xamin_back_to_top":"yes","xamin_fevicon":{"url":"https:\/\/iqonic.design\/wp-themes\/xamin\/wp-content\/themes\/xamin\/assets\/images\/favicon.ico","id":"","height":"","width":"","thumbnail":""},"header_radio":"2","xamin_logo":{"url":"https:\/\/iqonic.design\/wp-themes\/xamin\/demo-4\/wp-content\/uploads\/sites\/4\/2019\/10\/logo.png","id":"1726","height":"254","width":"600","thumbnail":"https:\/\/iqonic.design\/wp-themes\/xamin\/demo-4\/wp-content\/uploads\/sites\/4\/2019\/10\/logo-150x150.png"},"logo-dimensions":{"width":"","height":"","units":"px"},"header_text":"xamin","header_font":{"font-family":"PT+Sans","font-options":"","google":"1","font-weight":"","font-style":"","subsets":"","font-size":""},"header_color":"#ffffff","xamin_display_loader":"yes","loader_color":"#ffffff","xamin_loader_gif":{"url":"https:\/\/iqonic.design\/wp-themes\/xamin\/wp-content\/themes\/xamin\/assets\/images\/loader.gif","id":"","height":"","width":"","thumbnail":""},"loader-dimensions":{"width":"","height":"","units":"px"},"xamin_page_banner_image":{"url":"https:\/\/iqonic.design\/wp-themes\/xamin\/wp-content\/themes\/xamin\/assets\/images\/banner\/bg.png","id":"","height":"","width":"","thumbnail":""},"bg_image":"3","display_breadcrumbs":"yes","bg_title_color":"#313e5b","bg_type":"1","banner_image":{"url":"https:\/\/iqonic.design\/wp-themes\/xamin\/wp-content\/themes\/xamin\/assets\/images\/bg.jpg","id":"","height":"","width":"","thumbnail":""},"bg_color":"#eff1fe","bg_video_link":"https:\/\/iqonic.design\/wp-themes\/xamin\/demo-4\/wp-content\/uploads\/sites\/4\/2019\/10\/SampleVideo_1280x720_1mb.mp4","bg_opacity":"2","opacity_color":{"color":"#7f1212","alpha":"0.82","rgba":"rgba(127,18,18,0.82)"},"xamin_header_variation":"1","email_and_button":"yes","header_phone":"+0123456789","header_email":"support@iqnonicthemes.com","header_address":"1234 North Avenue Luke Lane, South Bend, IN 360001","xamin_download_title":"Get Started","xamin_download_link":"#","header_display_contact":"yes","header_display_button":"yes","xamin_header_social_media":"yes","display_footer":"yes","footer_image":{"url":"https:\/\/iqonic.design\/wp-themes\/xamin\/demo-4\/wp-content\/uploads\/sites\/4\/2019\/11\/footerbg-1.png","id":"1752","height":"591","width":"1600","thumbnail":"https:\/\/iqonic.design\/wp-themes\/xamin\/demo-4\/wp-content\/uploads\/sites\/4\/2019\/11\/footerbg-1-150x150.png"},"change_footer_color":"1","footer_color":"#eff1fe","xamin_footer_top":"yes","xamin_footer_width":"5","footer_one":"1","footer_two":"1","footer_three":"1","footer_fore":"1","footer_five":"1","display_copyright":"yes","footer_copyright_align":"1","footer_copyright":"Copyright 2019 <a href=\"xamin\">Xamin<\/a> All Rights Reserved.","address":"1234 North Avenue Luke Lane, South Bend, IN 360001","phone":"+0123456789","second_phone":"+0123456789","email":"support@iqnonicthemes.com","second_email":"support@iqnonicthemes.com","social-media-iq":{"facebook-f":"#","twitter":"#","google-plus-g":"","github":"","instagram":"#","linkedin":"","tumblr":"","pinterest":"","dribbble":"","reddit":"","flickr":"","skype":"","youtube-play":"","vimeo":"","soundcloud":"","wechat":"","renren":"","weibo":"","xing":"","qq":"","rss":"","vk":"","behance":"","snapchat":""},"xamin_404_banner_image":{"url":"https:\/\/iqonic.design\/wp-themes\/xamin\/wp-content\/themes\/xamin\/assets\/images\/backend\/404.png","id":"","height":"","width":"","thumbnail":""},"xamin_fourzerofour_title":"Oops! This Page is Not Found.","xamin_four_description":"The requested page does not exist.","xamin_blog_banner_image":{"url":"https:\/\/iqonic.design\/wp-themes\/xamin\/wp-content\/themes\/xamin\/assets\/images\/banner\/bg.png","id":"","height":"","width":"","thumbnail":""},"xamin_blog":"1","xamin_display_pagination":"yes","xamin_display_image":"yes","xamin_blog_type":"1","xamin_display_comment":"yes","portfolio_variation":"3","portfolio_top":"yes","portfolio_sub_title":"We work with you to address your most critical business priorities.","portfolio_title_desc":"There are many variations of passages of Lorem Ipsum available, but the majority have suffered alteration in some form, by injected humour, or randomised words which don\u2019t look even slightly believable.","xamin_recent_portfolio":"no","portfolio_title":"Recent Portfolio","portfolio_title_contant":"It is a long established fact that a reader will be distracted","xamin_page_variation":"2","xamin_search_variation":"1","xamin_change_font":"0","body_font":{"font-family":"Poppins","font-options":"","google":"1","font-backup":"","font-weight":"","font-style":"","subsets":"","font-size":""},"h1_font":{"font-family":"PT+Sans","font-options":"","google":"1","font-weight":"","font-style":"","subsets":"","font-size":""},"h2_font":{"font-family":"PT+Sans","font-options":"","google":"1","font-weight":"","font-style":"","subsets":"","font-size":""},"h3_font":{"font-family":"PT+Sans","font-options":"","google":"1","font-weight":"","font-style":"","subsets":"","font-size":""},"h4_font":{"font-family":"PT+Sans","font-options":"","google":"1","font-weight":"","font-style":"","subsets":"","font-size":""},"h5_font":{"font-family":"PT+Sans","font-options":"","google":"1","font-weight":"","font-style":"","subsets":"","font-size":""},"h6_font":{"font-family":"PT+Sans","font-options":"","google":"1","font-weight":"","font-style":"","subsets":"","font-size":""},"primary_color":"#437eeb","secondary_color":"#313e5b","tertiary_color":"#525f81","xamin_css_code":"","xamin_js_code":"jQuery(document).ready(function($){\r\n\r\n});","xamin_subscribe":"[mc4wp_form id=\"339\"]","lazy_load":"no","cookie":"no","mainte_mode":"no","maintenance_radio":"1","maintenance_bg_image":{"url":"https:\/\/iqonic.design\/wp-themes\/xamin\/wp-content\/themes\/xamin\/assets\/images\/maintenance.jpg","id":"","height":"","width":"","thumbnail":""},"maintenance_title":"Sorry,we are down for maintenance","mainten_desc":"We will be back shortly","coming_soon_bg_image":{"url":"https:\/\/iqonic.design\/wp-themes\/xamin\/wp-content\/themes\/xamin\/assets\/images\/maintenance.jpg","id":"","height":"","width":"","thumbnail":""},"coming_title":"Coming Soon","coming_desc":"We will be back with new and professional Ideas","opt_date":"","redux-backup":"1"}